FP_Code,Supplier_Name
AdMeInc,AdCanada Media Inc.
AgC,AgCanada
AIDig,AI Digital
AC,Air Canada
Akash,Akash Broadcasting
AlWeNews,Alberta Weekly Newspapers Association
ATH,All Things Home
AnBuMed,Annex Business Media
APMob,APEX Mobile
AsMeOut,Astral Media Outdoor L.P.
AuPro,Audio Production
auv,Audio Velocity
aven,Avenue Magazine
BeMeDi-Sc,Bell Media Digital -Scarborough
BMRGPC,Bell Media Radio G.P. - Calgary
BMRGPE,Bell Media Radio G.P. - Edmonton
BMRGPK,Bell Media Radio G.P. - Kelowna
BMRGPT,Bell Media Radio G.P. - Terrace
BMRGPTR,Bell Media Radio G.P. - Trail
BMRGPW,Bell Media Radio G.P. - Winnipeg
PMRGPP,Bell Media Radio G.P. -Pentincton
BMRGPT,Bell Media Radio GP - Toronto
BMV,Bell Media- Vancouver
befa,Better Farming
BethRow,Between the Rows
BiSkMed,Big Sky Media
Bin,Bing
blac,Black Press
BrCit,Branded Cities
Bro,Broadlab
Bro,Broadsign
BiC,Business in Calgary
Flames,Calgary Flames
CSEC,Calgary Sports and Entertainment Corp.
CaGlInc,Campsite Global Inc.
CaBrSal,Canadian Broadcast Sales
CBC,Canadian Broadcasting Corporation
CaPou,Canadian Poultry
capt,Captivate
CapTV,CaptureTV
cast,Castanet
Cat,Catering
CBRT,CBRT
CBXT,CBXT
CFAC,CFAC
CFAX,CFAX
CFBR-FM,CFBR-FM
cfbz,CFBZ-FM
CFCN,CFCN
CFCW-AM,CFCW-AM
CFCWFM,CFCW-FM
cfdv,CFDV-FM
cfdv,CFDV-FM
CFEXFM,CFEX-FM
cffm,CFFM-FM
CFFR,CFFR
CFGPFM,CFGP-FM
CFGQFMCRS,CFGQ-FM - Corus Radio Sales Inc.
CFHI,CFHI
CFITFM,CFIT-FM
CFMGFM,CFMG-FM
CFMY,CFMY-FM
cfri,CFRI-FM
cfri,CFRI-FM
CFRN,CFRN
cfrv,CFRV-FM
cfsm,CFSM-FM
cfvr,CFVR-FM
CFWE,CFWE
CFXEFM,CFXE-FM
CFXLFM,CFXL-FM
CFXOFM,CFXO - FM
CFXWFM,CFXW-FM
chah,CHAH
chke,CHAN KELKAM
CHATFM,CHAT-FM
chbc,CHBC
CHBNFM,CHBN-FM
CHBWFM,CHBW-FM
chbz,CHBZ-FM
CHDIFM,CHDI-FM
chdr,CHDR-FM
CHEDAMCRS,CHED-AM - Corus Radio Sales Inc.
chfk,CHFK
CHFMFM,CHFM-FM
chft,CHFT-FM
CHKFFM,CHKF-FM
chlb,CHLB-FM
CHMNFM,CHMN-FM
CHOOFM,CHOO-FM
chor,CHOR-FM
CHQRCRS,CHQR - Corus Radio Sales Inc.
chqt,CHQT
CHRB,CHRB-FM
CHSLFMSL,CHSL-FM (Slave Lake)
CHSP,CHSP
chsu,CHSU-FM
chub,CHUB
CHUPFM,CHUP-FM
CIBKFM,CIBK-FM
CIBQFM,CIBQ-FM
CIBWFM,CIBW-FM
cicf,CICF-FM
CIC,CICT
cifm,CIFM-FM
cigv,CIGV-FM
CIKTFM,CIKT-FM
CILBFM,CILB-FM
cilk,CILK-FM
CiDiMeInc,Cineplex Digital Media Inc.
CIRKFM,CIRK-FM
CIS,CISA
CISNFMCRS,CISN-FM - Corus Radio Sales Inc.
CIT,CITV
CoE-CB,City of Edmonton - Corporate Billing
CIUPFM,CIUP-FM
ciwe,CIWE
CIXFFM,CIXF-FM
CIXMFM,CIXM-FM
cixt,CIXT
CIZZ,CIZZ
CJAQFM,CJAQ-FM
cjat,CJAT-FM
CJAYFM,CJAY-FM
CJBZ-FM,CJBZ-FM
CJC,CJCO
cjdr,CJDR-FM
CJEGFM,CJEG-FM
cjeo,CJEO
cjib,CJIB-FM
cjkc,CJKC-FM
CJK,CJKR
CJLDFM,CJLD-FM
cjmg,CJMG-FM
CJOCFM,CJOC-FM
cjok,CJOK-FM
cjor,CJOR-FM
CJPRFM,CJPR-FM
cjrx,CJRX-FM
CJUVFM,CJUV-FM
CJW,CJWE
CJXKFM,CJXK-FM
CJXX,CJXX
CKA,CKAL
CKBAFM,CKBA-FM
CKB,CKBD
ckbz,CKBZ-FM
CKCEFM,CKCE-FM
CKD,CKDQ
CKEAFM,CKEA-FM
CKE,CKEM
CKERFM,CKER-FM
ckex,CKEX-FM
ckfr,CKFR-FM
CKFTFM,CKFT-FM
ckgf,CKGF-FM
CKG,CKGY
CKHL,CKHL-FM
ckik,CKIK-FM
CKJ,CKJR
CKJXFM,CKJX-FM
ckko,CKKO-FM
CKKQFM,CKKQ-FM
CKKX,CKKX /CKYL /CKHL-FM
CKK,CKKY
CKLF,CKLF
CKL,CKLJ-FM
CKLJFM,CKLJ-FM
cklz,CKLZ-FM
CKMHFM,CKMH-FM
CKMPFM,CKMP-FM
ckmq,CKMQ-FM
CKM,CKMR
ckng,CKNG
CKNOFM,CKNO-FM
ckor,CKOR
ckov,CKOV-FM
CKP,CKPA
CKPWFM,CKPW-FM
ckqq,CKQQ-FM
ckqr,CKQR-FM
CKRAFM,CKRA-FM
ckrv,CKRV-FM
CKRYFMCRS,CKRY-FM - Corus Radio Sales Inc.
CKS,CKSA
CKSQAM,CKSQ-AM
CKS,CKSS
CKUAFM,CKUA-FM
CKUVFM,CKUV-FM
ckvg,CKVG-FM
CKVHFMHP,CKVH-FM (High Prairie)
CKWBFMW,CKWB-FM (Westlock)
CKWDFM,CKWD-FM
CKWYFM,CKWY-FM
ckxr,CKXR-FM
ckxyfm,CKXY-FM
CKYL,CKYL-FM
CKYRRFM,CKYR - Red- FM
ckyx,CKYX-FM
Clu,Cluep
CMIXFM,CMIX-FM
CoMoHou,Cochrane Movie House
CP,Corus Partnership
CSI,Corus Sales Inc
Cou,Courier
crim,Crimtan
CsCre,Csek Creative
csnp,CSNP
CSN,CSNW
CTVC,CTV Calgary
CTVE,CTV Edmonton
CTVNO,CTV Northern Ontario
CTTWO,CTV TWO
CuGrInc,Curiocity Group Inc.
DaHiv,Daily Hive
DaInc,Dandelion Inc
DiMaExp,Direct Mail Expenses
DiM,District M
Div,Division-D
DR,Domain Registration
Dos,Dossier
DV360,DV360
Dyn,DynAdmic
Edif,Edify
EdViTim,Edmonton Vietnam Time
Ent,Entertainment
Equ,Equativ
EqRen,Equipment Rentals
ExInCaULC,Exponential Interactive Canada ULC
Fac,Facebook
FaFuCaInc,Family Fun Canada Inc
FafoTom,Farming for Tomorrow
FarWest,FarWest Outdoor
FRL,Freelance
Fue,Fuel
GlCoInc,Glacier Communications Inc.
GlFaLiPar,Glacier FarmMedia Limited Partnership
GlMeGro,Glacier Media Group
GT,Global Television
GlanMai,Globe and Mail
GWBE,Golden West Broadcasting Estevan
GWBFS,Golden West Broadcasting Ft Saskatchewan
GWBLA,Golden West Broadcasting Ltd Airdrie
GWBLA,Golden West Broadcasting Ltd Altona
GWBLD,Golden West Broadcasting Ltd Drumheller
GWBLHR,Golden West Broadcasting Ltd High River
GWBLS,Golden West Broadcasting Ltd Steinbach
GWBSC,Golden West Broadcasting Swift Current
GWBW,Golden West Broadcasting Weyburn
GoAdW,Google AdWords
GrWeNew,Great West Newspapers
gym,Gym TV
HBC,Harvard Broadcasting Calgary
HBFM,Harvard Broadcasting Fort McMurray
HBIRD,Harvard Broadcasting Inc. - Red Deer
HBIE,Harvard Broadcasting Inc. Edmonton
HBIR,Harvard Broadcasting Inc. Regina
HBS,Harvard Broadcasting Saskatoon
M52P1,Hashtag Paid Inc.
HUTV,Health Unlimited Television (HUTV)
holo,Home Lottery News
Ill,Illumin
Ill,Illustration
InGrDiMeLt,Infinite Gravity Digital Media Ltd
IF,Influencer Fees
KeNow,Kelowna Now
KeNew,Kerby News
lama,Lamar
LaCin,Landmark Cinemas
LeOut,Leading Outdoor
LiIre,LinkedIn Ireland
Loc,Locala
Loop,LoopMe
Mea,Meals
MED,Media
MiAdv,Microsoft Advertising
Mil,Mileage
MAI,Million Air Interlink
MiQ,MiQ
MiGoo,Miscellaneous Good/Products
Mus,Music
NaTou,Native Touch
Netflix,Netflix
NexHom,NextHome
Nex,Nexxen
nhll,NHL Live
OdPuInc,Odvod Publishing Inc
OiEnGro,Oilers Entertainment Group
Onl,Online
OOH,OOH
Oon,Oongalee
OrPho,Original Photography
OAH,Ottawa At Home
OBJ,Ottawa Business Journal
OC,Ottawa Citizen
out,Outedge
OuMeCaL,Outfront Media Canada LP
PAC,PAC
PaLea,Paper Leaf
Par,Parking
PaOuAdL,Pattison Outdoor Advertising LP
PeCaInc,Pelmorex Canada Inc.
Perion,Perion - Hivestack Technologies
PhUsFee,Photography Usage Fees
PhPro,Photoshoot Props
Pin,Pinterest
PE,Postage Expense
Pos,Postmedia
PRToo,PR Tools
prda,Prime Datalytics
Pri,Printing
PF,Professional Fees
PrDai,Progressive Dairy
PrIte,Promotional Items
Qua,Quantcast
reag,RealAgriculture
REMed,REC Media
RePoMeGro,Red Point Media Group
redd,Reddit
ReMeMaSol,Redpoint Media & Marketing Solution
ReWrAdv,Reid & Wright Advertising
Res,Research
RePub,Respect Publishing
RoDiMed,Rogers Digital Media
RMICM,Rogers Media Inc. Cash Management
RSAN,Rogers Sports Alberta North
RSAS,Rogers Sports Alberta South
RSW,Rogers Sportsnet West
SaStPho,Saskatoon Star Phoenix
ScMeVen,Score Media Ventures
SeEnMar,Search Engine Marketing
Seedtag,Seedtag
ShInc,Sharethrough Inc.
ShPaCru,Sherwood Park Crusaders
SiSaLtd,Signpatico Sales Ltd
Sna,SnapChat
SoToo,Social Tools
SoPul,Sofia Pulse
sci,Spafax Canada Inc.
Spo,Spotify
SpotifyDV3,Spotify/DV360
Sta,StackAdapt
Tra,Staff Travel/Accommodations
SRI,Stingray Radio Inc
StPho,Stock Photography
SuMed,Sunflower Media
Tal,Talent
TEL,Telephone
CTN,The Canadian Traffic Network
TheLogic,The Logic
TNNI,The Nation Network Inc
The Score,The Score
ThWePro,The Western Producer
TWN,TheWeatherNetwork.com
Tik,TikTok
ToCrMan,Top Crop Manager
Tra,Translation
T,TV
Twi,Twitter
UBMed,UB Media
VDX,VDX.tv
VeMeInc,Vendo Media Inc
vert,Verticore Communications
ViPro,Video Production
ViMed,Vistar Media
WH,Web Hosting
WT,Web Tools
WeMeGro,Western Media Group
WiFrPre,Winnipeg Free Press
WKB,WKBC
XAN,Xandr Inc.
YT,YouTube
ZoMeInc,Zoom Media Inc
ZoMed,Zoomer Media
